AGENT_ID,AGENT_NAME,DATE_OF_JOINING,ADDRESS_LINE1,ADDRESS_LINE2,CITY,STATE,POSTAL_CODE,EMP_ROUTING_NUMBER,EMP_ACCT_NUMBER
AGENT00001,Ray Johns,6/5/1993,1402 Maggies Way,,Waterbury Center,VT,5677,34584958,HKUN51252328472585
AGENT00002,Angelo Borjon,12/27/2005,414 Tanya Pass,,Panama City,FL,32404,107363763,OPIS19290040088204
AGENT00003,Candy Spellman,9/2/2003,606 National Street,#306,Fayetteville,AR,72701,81744097,YSCJ67489688482590
AGENT00004,Mary Smith,9/23/2004,235 Hugh Thomas Drive,,Panama City,FL,32404,67563771,ZANG21285355574581
AGENT00005,Mildred Diaz,6/21/2011,3426 Broadview Street,,Montgomery,AL,36110,114951317,DZFS82244494451134
AGENT00006,Linda Butler,9/2/2000,10383 Eagle River Lane,,Anchorage,AK,99577,82970527,TIDG93550966796680
AGENT00007,Michael Hoskins,10/26/1993,5011 West New World Drive,,Glendale,AZ,85302,53819552,OVFE89299102977291
AGENT00008,Carolyn Quesada,11/15/2003,2538 East 40th Plaza,,Panama City,FL,32405,58311521,HOSW68784912234194
AGENT00009,Marilyn Allen,12/24/2009,4840 Reservoir Road Northwest,,Washington,DC,20007,66645522,NXRT72066780733033
AGENT00010,Bernard Haug,9/4/1992,2278 North Windswept Lane,,Fayetteville,AR,72703,75517997,ADZX82914131196683
AGENT00011,Nancy Coronado,1/31/2002,357 Chaplin Street Southeast,,Washington,DC,20019,28574903,CEIG07819775081568
AGENT00012,Jeffrey Forbis,8/5/2010,2619 North Quality Lane,#315,Fayetteville,AR,72703,121484709,IQRF67979220911116
AGENT00013,Carolyn Jones,6/3/2004,6214 Herzog Street,,Oakland,CA,94608,22235031,OBTC64157859730067
AGENT00014,Larry Dryer,2/22/2005,6630 MacArthur Boulevard,#19,Oakland,CA,94605,20663647,FXNK82621091893099
AGENT00015,Charles George,1/31/1998,4717 Forest Hills Drive,,Noble,OK,73068,112506777,PEUK68232037630713
AGENT00016,Lawrence French,3/27/2001,6223 Kilmer Loop,#206,Arvada,CO,80403,117354623,FHIJ73978869917642
AGENT00017,Robert Gordon,9/9/2003,1100 Cleveland Street,,Fayetteville,AR,72701,33587927,SXOO45515923150315
AGENT00018,Rita Allaire,9/30/1990,9457 Winfield Place,,Montgomery,AL,36117,31655398,LROE33621282470193
AGENT00019,Letitia Friedman,3/3/2015,2728 Hale Avenue,,Louisville,KY,40211,36932870,HQBC86092587568338
AGENT00020,Freddy Kelly,11/7/2004,514 East 38th Street,,Savannah,GA,31401,70571857,CSDO98178213155606
AGENT00021,Robert Barnes,8/1/1992,54 Pine Meadow Drive,,Hyde Park,VT,5655,60304500,QBCN62231485753777
AGENT00022,Jeffery Mcbride,1/13/1997,2032 4th Street Northwest,,Washington,DC,20001,62349783,QESE68363490537237
AGENT00023,Amy Venice,12/11/2009,386 Pratt Road,,,VT,5033,50361922,AQEJ74503862345483
AGENT00024,Herbert Harris,5/10/1991,2433 Southwest 36th Street,,Oklahoma City,OK,73109,13102173,ZOKM64306961771096
AGENT00025,Elizabeth Mobley,12/8/2010,19020 North 68th Avenue,,Glendale,AZ,85308,60796891,LJXW49594989067332
AGENT00026,Josephine Amorosi,9/23/2011,1650 North Sang Avenue,#211,Fayetteville,AR,72703,90344527,OFDO18308945661277
AGENT00027,Jaqueline Hanson,4/20/2010,6506 North Lagoon Drive,,Panama City Beach,FL,32408,28032351,HNDV98515562374050
AGENT00028,Pam Evans,7/30/2012,5575 South Dakota Avenue Northeast,,Washington,DC,20011,73180915,FMOY86795555984406
AGENT00029,Heather Cantwell,4/19/1995,6521 North 65th Avenue,#1D,Glendale,AZ,85301,67567298,YLQJ78001413271998
AGENT00030,Georgia Kenny,2/21/1996,33300 Mission Boulevard,#APT 174,Union City,CA,94587,82810894,NKHZ89593337512392
AGENT00031,Grace Rogers,9/16/2007,5436 Dorbrandt Street,#APT 000002,Anchorage,AK,99518,94846982,VQTA51524709318568
AGENT00032,Russell Frost,8/7/1991,329 Mill Road,,Montpelier,VT,5602,108142831,OBQY16641865636698
AGENT00033,Arturo Cole,11/15/1996,72 Salmon Road,,Alameda,CA,94502,73671657,VQGP85136893422980
AGENT00034,Yvonne Sanders,6/1/2007,3808 Richland Avenue,,Nashville,TN,37205,36577439,QVPX46594207904513
AGENT00035,David Dolan,11/22/1996,849 East Victoria Street,#204,Carson,CA,90746,63520475,YMXC17374311568980
AGENT00036,Gregory Williamson,9/11/1991,1460 Berger Street,,Odenton,MD,21113,41131983,CTEP60853938359624
AGENT00037,Teresa Garcia,12/19/2016,140 West Cooper Avenue,,Aspen,CO,81611,19023308,YMCR98701072871529
AGENT00038,Harold Ward,1/24/1993,171 Brickhill Circle,,Pooler,GA,31322,114283917,XFPA46888061021143
AGENT00039,Jeremy Fields,6/10/2002,2115 Longest Avenue,,Louisville,KY,40204,128039908,NFAG41955904385274
AGENT00040,Michael Riley,12/15/2010,224 Michael Sears Road,,Belchertown,MA,1007,77937915,BPIU33548981266102
AGENT00041,John Tallman,4/22/2006,2313 Mansfield Avenue,,Del City,OK,73115,38768204,YCPM81152663783872
AGENT00042,Esther Ahmed,2/27/2010,119 Redwood Road,,Manchester,CT,6040,88011435,ECWS51885965503134
AGENT00043,Mary Norris,8/7/2011,5073 West 65th Place,,Arvada,CO,80003,93553577,IDSZ07874822883626
AGENT00044,Earnest White,8/21/2013,7564 Moore Court,,Arvada,CO,80005,16618305,EHGZ29425971599083
AGENT00045,Frances Melia,3/9/2001,2139 Glynnwood Drive,,Savannah,GA,31404,50185849,SRTU89087626370729
AGENT00046,William Ramos,11/11/2001,22825 Paseo Place,,Hayward,CA,94541,74580381,XAYL42110131828573
AGENT00047,Henry Arends,6/13/2009,60 Bagley Street,,Saint Johnsbury,VT,5819,96611678,XWPZ93429840455468
AGENT00048,Olivia Cramer,3/27/2008,91 Eldridge Street,,Manchester,CT,6040,128661059,WMWV30338113870706
AGENT00049,Saul Conyers,12/6/2007,6215 Sheridan Boulevard,,Arvada,CO,80003,73276531,CYQL68368026925344
AGENT00050,Barry Reynolds,6/22/2009,8417 Timothy Lane,,Oklahoma City,OK,73135,129787518,EZLV62055894696180
AGENT00051,Andrea Schiller,4/19/2006,190 Countryside Drive,,Farmington,AR,72730,120198601,NITF34871271224826
AGENT00052,Evelyn Mckinney,5/2/2018,20 Dearborn Drive,,Manchester,CT,6042,91856616,LLBJ02457725590016
AGENT00053,Stella Gilbert,10/12/1991,811 River Dell Drive,,Louisville,KY,40206,124818136,JGCC61882192321093
AGENT00054,William Vang,12/21/1990,2 Addison Place,,Bloomingdale,GA,31302,113623659,JQXV46284052600592
AGENT00055,Wendi Hensley,2/21/1992,7730 Wilkinson Road,,Nashville,TN,37080,72945591,FFJG64443961824050
AGENT00056,Daniel Nance,11/28/2016,2500 Medallion Drive,#APT 148,Union City,CA,94587,87644793,ZTMC18946634687958
AGENT00057,Debra Tripp,3/12/2011,3194 Bladensburg Road Northeast,,Washington,DC,20018,89557833,QINB62773712676016
AGENT00058,Nannie Thomas,8/31/1994,827 10th Street Northeast,,Washington,DC,20002,14245602,EFRK76795304452686
AGENT00059,Suzanne Amador,12/14/2008,903 Burton Avenue,,Louisville,KY,40208,66731436,QTVE06059221536957
AGENT00060,Vincent Rule,12/21/2000,2502 Adrienne Way,,Louisville,KY,40216,127573193,NNQD57441399397776
AGENT00061,Curtis Griffin,7/29/1994,1780 142nd Avenue,,San Leandro,CA,94578,87748314,TGGO48192632068582
AGENT00062,Diane Marburger,8/24/2012,2001 Van Hoose Drive,,Fayetteville,AR,72701,25284568,WRNQ45980898120540
AGENT00063,Leslie Lee,10/17/1998,13525 West Stella Lane,,Litchfield Park,AZ,85340,92646029,OGPU80098723132854
AGENT00064,James Evans,5/29/2003,93 Marble Hill Road,,Waitsfield,VT,5673,99270087,ZEZK82145385865138
AGENT00065,Elizabeth Curry,8/17/2009,13066 North 56th Avenue,,Glendale,AZ,85304,104679007,KMRU23249802615601
AGENT00066,Danielle Visvardis,9/16/2014,35 Keach Avenue,,Worcester,MA,1607,101490043,OJKV85329684741331
AGENT00067,Jonathan Smith,8/9/2003,9401 3rd Street Road,,Louisville,KY,40272,26143747,NDPW31134564002955
AGENT00068,Debra Ortega,6/17/2015,61 Plymouth Lane,,Manchester,CT,6040,49124264,JDKI55297566920709
AGENT00069,Christian Nusbaum,7/21/2016,3752 Roswell Place,,Montgomery,AL,36116,43960796,ALUK17983608896834
AGENT00070,Sylvia Buckley,10/19/1996,517 Retford Drive,,Severna Park,MD,21146,124127270,RJVH50696223589264
AGENT00071,Karen Olsen,7/17/2003,649 Praderia Circle,,Fremont,CA,94539,21702837,UEZH74224396771892
AGENT00072,Kate Mendes,12/2/1992,100 Birney Street,#A6,Peabody,MA,1960,26250698,QCWW55532754732879
AGENT00073,Edgar Vazquez,7/7/2011,4516 Old Seward Highway,,Anchorage,AK,99503,82636845,TKLO18911599752642
AGENT00074,Claire Decinti,4/22/1999,29 Vista Flores,,Pleasanton,CA,94566,58546503,UFJE04852683509089
AGENT00075,Judy Kesselman,2/10/2001,89 Plaistow Road,,Haverhill,MA,1830,30968662,QLXR90238004955533
AGENT00076,Jason Dowling,4/27/1996,235 Hugh Thomas Drive,,Panama City,FL,32404,72525526,OPHP95210778945160
AGENT00077,Larry Sheley,8/8/1993,313 Lone Oak Drive,,Norman,OK,73071,115478394,SOYF56326872937503
AGENT00078,Shane Mclarty,4/10/2017,369 Ruth Avenue,,Mountain View,CA,94043,59649865,SJAH52896250686985
AGENT00079,Rivka Robinson,12/11/1997,1008 Rhode Island Avenue Northwest,,Washington,DC,20001,119270857,SAHS72824131306931
AGENT00080,Gary Simmons,7/10/2014,11843 North 60th Avenue,,Glendale,AZ,85304,107838887,QHOY59291625073441
AGENT00081,Frances Kocka,7/2/1995,5244 West Port Au Prince Lane,,Glendale,AZ,85306,14258217,FVXO69898679507549
AGENT00082,Bruce Rollins,3/13/2015,1054 Overton Lea Road,,Nashville,TN,37220,78147791,BCPF23838135591983
AGENT00083,Christopher Fontenot,6/29/1990,9904 Daniel Drive,,Louisville,KY,40118,121752253,DHZC54326133627820
AGENT00084,Brandon Fujii,7/8/2011,4231 Laurel Street,#APT 000101,Anchorage,AK,99508,45086238,NEEJ23567656975840
AGENT00085,Suzanne Rutan,12/19/2000,2237 Northwest 18th Street,,Oklahoma City,OK,73107,126639931,BQAF82775764630550
AGENT00086,Shelia Morales,4/22/2002,517 Wesley Avenue,,Nashville,TN,37207,36743849,UPBY22009074123142
AGENT00087,Hazel Riegel,11/27/1998,1265 Xavier Avenue,,Hayward,CA,94545,121086576,OGCK36406214425828
AGENT00088,Sara Keith,1/28/2009,29 Vista Flores,,Pleasanton,CA,94566,42301932,ADPI28499084429103
AGENT00089,Jill Chreene,2/20/1996,45 Baldridge Road,,Annapolis,MD,21401,108238677,ENOI80640229461509
AGENT00090,Joshua Cherry,11/22/1990,305 Brookside Court,,Manchester,CT,6042,91036517,DQEH00142970374186
AGENT00091,Marie Driver,4/27/1998,22825 Paseo Place,,Hayward,CA,94541,21835607,GPYT43428078920971
AGENT00092,Gary Fernandez,3/3/2010,802 East 37th Street,,Savannah,GA,31401,23000249,STSZ52823814965754
AGENT00093,Christian Rau,1/13/2015,5526 Thalman Drive,,Brentwood,TN,37027,52980550,PBOE57461807615642
AGENT00094,Claudia Lennon,4/29/2013,2008 Aberdeen Drive,,Crofton,MD,21114,21205075,WUGY06547890280364
AGENT00095,Brenda Poston,1/13/2018,138 Bolton Street,,Manchester,CT,6040,111511352,XDLC76847404990684
AGENT00096,Terry Shaw,7/3/1990,5650 West 60th Avenue,A,Arvada,CO,80003,121109136,VNZL86085621326610
AGENT00097,Walter Wetzel,5/1/1999,3546 Rosa L Parks Avenue,,Montgomery,AL,36105,28613851,SLNQ04446939633511
AGENT00098,Fred Watson,9/24/1994,9321 Amy Lane,,Panama City Beach,FL,32407,16097573,CZNF45094583427140
AGENT00099,Sandra Hayashi,1/31/2003,5157 West Kerry Lane,,Glendale,AZ,85308,127295730,YBDR91472107054002
AGENT00100,Steve Hayes,9/21/2014,12061 Johns Road,#APT 000002,Anchorage,AK,99515,40708980,UDHO82054814895933
